Time,Ch1,Ch2,Ch3,Ch4,Ch5,Ch6
9:26:25,52501.16687,3900.678364,1049.306459,49.5105044,111.6947613,168.6638887
9:27:35,67861.10891,5129.983373,1288.251636,74.26350756,120.5081302,147.5940712
9:28:45,58011.4664,4273.754371,1087.626899,45.90753229,70.53632876,105.4544363
9:29:55,53225.94621,4008.540374,1032.410322,47.25696005,44.09622219,63.20945234
9:31:05,58070.09356,4438.504381,1175.543134,50.41012291,73.47411838,105.4544363
9:32:15,56436.87067,4253.073866,1156.382914,57.61156904,79.37907552,63.20945234
9:33:25,60728.48543,4623.196571,1248.804787,58.51118754,76.4412859,73.74436106
9:34:35,72681.39473,5685.536593,1613.975374,85.51323696,108.7569717,94.9195276
9:35:45,58509.01171,4366.842483,1228.518157,54.00859693,58.78517028,63.20945234
9:36:55,65346.43056,4931.993937,1358.13406,56.25764319,58.78517028,31.60472617
9:38:05,61623.43753,4717.015625,1345.732295,60.31042455,38.22064295,10.53490872
9:39:15,68920.52503,5489.023808,1586.93029,65.71263367,61.7229599,21.06981745
9:40:25,65014.39148,5020.652095,1469.716152,63.00928007,47.03401181,21.06981745
9:41:35,60041.57757,4652.744368,1433.648531,50.85993216,32.34506371,63.20945234
9:42:45,62892.44821,5061.282161,1622.997912,77.41217233,64.66074952,10.53490872
9:43:55,62993.10005,5112.994498,1821.358566,90.91544608,58.78517028,21.06981745
9:45:05,69261.38904,5732.818974,2220.343957,113.8692122,76.4412859,52.67454362
9:46:15,63399.33176,5223.071485,2080.590372,100.3659385,88.19244437,0
9:47:25,70941.29796,5983.997399,2548.331778,135.0237414,99.94360285,21.06981745
9:48:35,67688.86214,5785.269637,2516.769793,125.1234397,67.59853914,21.06981745
9:49:45,64583.77456,5573.244628,2424.347921,132.3248858,94.06802361,42.13963489
9:50:55,64518.92537,5576.197931,2507.747256,129.171723,126.4130873,31.60472617
9:52:05,67037.76211,5890.178344,2689.211772,143.124806,123.4752977,42.13963489
9:53:15,62164.03934,5531.137909,2685.832545,156.1782705,146.9776147,31.60472617
9:54:25,69187.19642,6307.576047,3065.657716,195.3341659,126.4130873,21.06981745
9:55:35,69729.87225,6272.852586,3214.433839,180.0316552,158.7287731,42.13963489
9:56:45,67215.71241,6302.407766,3167.090861,207.0337046,185.1982576,84.27926978
9:57:55,65828.92891,6077.823836,3363.209961,205.2344676,182.260468,63.20945234
9:59:05,64169.76531,5937.453343,3309.108529,211.0864859,217.5139434,73.74436106
10:00:15,68112.73333,6473.064383,3562.697025,241.2416982,246.9212175,94.9195276
10:01:25,71114.58173,6770.048537,3682.163981,263.7456551,258.672376,63.20945234
10:02:35,64288.05144,6024.627465,3103.978156,219.1875506,199.8872057,73.74436106
10:03:45,64746.16458,6000.993658,3036.348549,211.5362952,176.3848887,42.13963489
10:04:55,64955.24582,6138.403465,3236.973286,194.4345474,146.9776147,52.67454362
10:06:05,59784.24961,5486.070505,2753.450887,176.8784923,144.039825,63.20945234
10:07:15,61620.32132,5728.38902,2966.477389,202.535612,132.2886666,0
10:08:25,61737.05714,5853.978232,2989.016836,186.3334828,167.542142,73.74436106
10:09:35,60077.38021,5519.317314,2913.502366,188.1327198,182.260468,31.60472617
10:10:45,62622.6658,5615.358729,2979.994299,192.6308123,199.8872057,63.20945234
10:11:55,63028.38419,5628.655976,2972.109435,204.3348491,208.7005746,21.06981745
10:13:05,61347.4279,5473.511584,2610.318074,192.6308123,199.8872057,52.67454362
10:14:15,56057.10855,4878.066624,2367.99367,158.877126,164.6043524,10.53490872
10:15:25,54428.03368,4680.815513,2185.402744,145.3738523,152.8531939,10.53490872
10:16:35,57651.41258,4799.021468,2295.858427,135.9233599,144.039825,42.13963489
10:17:45,56928.71244,4683.03049,2124.542857,125.1234397,114.6325509,31.60472617
10:18:55,55553.33601,4609.891941,1984.789272,106.6677661,97.00581323,0
10:20:05,55971.50367,4609.891941,2026.488939,105.7681476,85.25465475,31.60472617
10:21:15,51371.71133,4100.144451,1730.063103,96.3176552,88.19244437,10.53490872
10:22:25,54934.39873,4471.005482,1907.021983,109.820929,61.7229599,21.06981745
10:23:35,50857.57392,4198.400844,1798.819119,93.16449234,52.90959105,31.60472617
10:24:45,48222.52506,3923.581229,1704.144428,86.41285546,58.78517028,0
10:25:55,53503.51135,4239.77662,1849.541323,102.1696736,58.78517028,10.53490872
10:27:05,51249.79567,4184.365271,1733.453595,100.8157477,120.5081302,21.06981745
10:28:15,47155.33138,3646.546637,1527.196812,100.3659385,102.8813925,31.60472617
10:29:25,48291.00896,3763.268556,1629.756367,101.265557,135.2264562,21.06981745
10:30:35,49863.52549,4012.970329,1612.848965,89.11620907,99.94360285,10.53490872
10:31:45,52354.34232,4130.437957,1703.018019,87.31697206,99.94360285,31.60472617
10:32:55,47444.82728,3685.700052,1511.41582,80.11552593,73.47411838,42.13963489
10:34:05,49515.92094,3814.242567,1666.950397,99.91612922,85.25465475,21.06981745
10:35:15,52723.21587,4134.867912,1752.613814,99.91612922,85.25465475,31.60472617
10:36:25,51588.5753,4021.837621,1637.641231,97.21727371,97.00581323,52.67454362
10:37:35,52409.33996,4064.690048,1572.275707,86.41285546,85.25465475,42.13963489
10:38:45,51142.91661,3899.940038,1547.483441,88.21659057,88.19244437,52.67454362
10:39:55,47579.19739,3635.464367,1464.072842,75.61293532,73.47411838,52.67454362
10:41:05,48541.07269,3638.41767,1405.465773,76.51255382,61.7229599,0
10:42:15,53423.61519,4022.575947,1460.693615,67.06206143,55.84738066,52.67454362
10:43:25,53411.16075,3987.114161,1496.761236,73.36388905,76.4412859,21.06981745
10:44:35,54443.07546,4032.919891,1358.13406,81.01514444,44.09622219,21.06981745
10:45:45,52813.49247,3877.775499,1397.580909,76.06274457,64.66074952,21.06981745
10:46:55,51472.36318,3740.365691,1271.344234,56.71195053,41.15843257,21.06981745
10:48:05,53661.22966,3998.19643,1378.420689,63.90889857,49.97180143,0
10:49:15,51761.34057,3814.980893,1181.17518,56.25764319,41.15843257,0
10:50:25,49815.27877,3650.238265,1162.01496,59.41080605,49.97180143,10.53490872
10:51:35,55503.53378,3880.736185,1237.529431,54.45840618,32.34506371,0
10:52:45,55771.23699,3993.766476,1352.49075,57.16175979,26.46948447,0
10:53:55,53430.36092,3795.77704,1155.256505,44.10829528,41.15843257,21.06981745
10:55:05,54049.30339,3949.437397,1211.610756,54.90821543,41.15843257,10.53490872
10:56:15,57707.44204,4060.252711,1285.998817,46.8071508,29.40727409,0
10:57:25,57233.7738,3978.992577,1248.804787,52.20935992,32.34506371,42.13963489
10:58:35,54233.48091,3839.360409,1156.382914,38.25627691,17.62673772,10.53490872
10:59:45,56483.04856,3908.069005,1209.357938,45.45772304,47.03401181,10.53490872
11:00:55,55783.16775,3973.078588,1085.374081,45.90753229,41.15843257,0
11:02:05,56614.30765,4073.549958,1182.301589,38.25627691,41.15843257,10.53490872
11:03:15,55046.97615,3848.227702,1089.890981,43.20867678,44.09622219,10.53490872
11:04:25,57621.31866,3993.02815,1045.927232,39.60570467,20.56452734,10.53490872
11:05:35,59396.17588,4162.939058,1116.936065,49.5105044,26.46948447,21.06981745
11:06:45,59620.82258,4185.841923,1112.430429,43.20867678,26.46948447,10.53490872
11:07:55,60534.96967,4199.13917,1168.784679,46.8071508,17.62673772,21.06981745
11:09:05,57842.85952,4000.411408,1141.728331,44.55810454,41.15843257,10.53490872
11:10:15,61907.74839,4309.954483,1176.669544,39.60570467,35.28285333,10.53490872
11:11:25,59120.17144,4019.622644,1067.34027,37.35665841,41.15843257,0
11:12:35,60176.47136,4126.746329,1153.003687,35.5574214,35.28285333,10.53490872
11:13:45,58702.00379,3950.175723,1066.213861,39.15589542,17.62673772,0
11:14:55,63673.26219,4202.099856,1079.742035,42.30905827,32.34506371,0
11:16:05,60015.11835,4037.349845,1043.674413,36.00723065,38.22064295,0
11:17:15,59373.35137,4031.443239,1147.371641,51.30974141,41.15843257,21.06981745
11:18:25,58454.53776,3917.674623,1042.548004,49.5105044,35.28285333,10.53490872
11:19:35,58746.62099,3899.940038,1098.902255,35.10761214,52.90959105,0
11:20:45,60508.51045,4109.011744,1101.155073,41.85924902,29.40727409,10.53490872
11:21:55,65980.41481,4519.764515,1228.518157,47.25696005,52.90959105,0
11:23:05,62608.66103,4394.913629,1119.188884,45.00791379,64.66074952,0
11:24:15,63041.87046,4283.359989,1107.924792,51.75955067,38.22064295,31.60472617
11:25:25,60717.5865,4159.985754,1098.902255,49.5105044,23.50231696,0
11:26:35,61326.15371,4119.355688,1212.737165,47.25696005,38.22064295,31.60472617
11:27:45,61337.05265,4285.574967,1220.622029,45.00791379,26.46948447,21.06981745
11:28:55,61225.50705,4210.959765,1103.407891,50.41012291,32.34506371,21.06981745
11:30:05,63559.12408,4468.052178,1239.782249,54.90821543,41.15843257,10.53490872
11:31:15,61415.38811,4422.246448,1189.071308,57.61156904,64.66074952,21.06981745
11:32:25,63694.01787,4515.33456,1389.684781,60.7602338,49.97180143,21.06981745
11:33:35,63186.09731,4479.134448,1255.563242,57.61156904,67.59853914,31.60472617
11:34:45,61970.51839,4453.27828,1323.192848,54.00859693,29.40727409,42.13963489
11:35:55,59569.45965,4201.36153,1205.97871,44.10829528,58.78517028,10.53490872
11:37:05,61458.44981,4286.313292,1273.597052,45.00791379,52.90959105,31.60472617
11:38:15,65248.37124,4636.493818,1388.558372,49.96031366,38.22064295,31.60472617
11:39:25,61066.74656,4465.837201,1280.366771,53.10897842,55.84738066,31.60472617
11:40:35,58576.97192,4136.344564,1208.231528,51.30974141,38.22064295,10.53490872
11:41:45,61543.01768,4209.483114,1208.231528,58.51118754,64.66074952,0
11:42:55,56688.50027,3953.136409,1275.849871,63.90889857,58.78517028,31.60472617
11:44:05,61901.52117,4424.468809,1351.364341,52.65916917,88.19244437,21.06981745
11:45:15,60865.97174,4421.508122,1315.29672,59.41080605,82.31686514,0
11:46:25,60560.91038,4470.267156,1322.066439,51.30974141,52.90959105,0
11:47:35,61029.39877,4352.068585,1309.664674,46.8071508,55.84738066,21.06981745
11:48:45,57477.61031,4194.709215,1311.917492,52.65916917,41.15843257,21.06981745
11:49:55,56023.9036,4113.441698,1257.81606,46.8071508,52.90959105,21.06981745
11:51:05,61049.11226,4544.882357,1367.145334,42.75886753,35.28285333,21.06981745
11:52:15,61218.76133,4533.061762,1564.390843,66.61225218,58.78517028,10.53490872
11:53:25,59183.98363,4412.648213,1477.601016,62.10966156,44.09622219,42.13963489
11:54:35,55958.01221,4109.75007,1373.915053,55.80783394,73.47411838,21.06981745
11:55:45,59185.02064,4434.805369,1588.056699,80.11552593,61.7229599,31.60472617
11:56:55,58143.76249,4363.88918,1592.562336,83.71399995,123.4752977,73.74436106
11:58:05,56517.80902,4158.509103,1483.233062,85.96304621,108.7569717,73.74436106
11:59:15,54404.17217,4159.247429,1490.002781,89.56601832,161.6665628,10.53490872
12:00:25,56180.06121,4332.857348,1512.542229,80.56533518,135.2264562,63.20945234
12:01:35,56110.54549,4247.898203,1627.503548,93.61430159,152.8531939,73.74436106
12:02:45,57364.51439,4416.339842,1692.869072,116.5680677,138.1642458,52.67454362
12:03:55,59304.86747,4680.077187,1792.060664,136.3731691,164.6043524,63.20945234
12:05:05,57193.82313,4538.975751,1868.701543,115.21864,170.4799316,10.53490872
12:06:15,53950.73074,4090.546217,1737.959231,117.017877,211.6383642,31.60472617
12:07:25,55629.08415,4220.565383,1751.487405,145.8236615,214.5761538,63.20945234
12:08:35,57792.00991,4426.683786,1884.482536,135.4735506,235.170059,31.60472617
12:09:45,54749.1842,4072.073306,1788.670172,131.8705785,211.6383642,21.06981745
12:10:55,54162.39931,4019.622644,1808.968065,124.2193231,196.9494161,42.13963489
12:12:05,55600.55092,4151.864171,1836.013149,152.5752984,173.4470991,63.20945234
12:13:15,55110.27502,4154.817474,1762.751497,144.0244245,161.6665628,31.60472617
12:14:25,56118.84154,4304.047877,1867.575134,132.7746951,135.2264562,63.20945234
12:15:35,53120.62784,4076.503261,1754.866633,132.7746951,129.3508769,10.53490872
12:16:45,57501.99551,4374.225741,1761.625088,130.0713415,126.4130873,21.06981745
12:17:55,56930.78645,4254.550518,1662.444761,125.1234397,105.8191821,21.06981745
12:19:05,52066.92044,3801.683646,1501.266873,123.3197046,129.3508769,21.06981745
12:20:15,50482.99165,3806.120983,1620.745093,104.4187198,126.4130873,21.06981745
12:21:25,52023.85874,3776.565803,1688.363436,120.6208491,144.039825,52.67454362
12:22:35,52959.79852,3953.874735,1647.790177,109.3666216,76.4412859,10.53490872
12:23:45,52507.9126,3933.186847,1634.262003,115.21864,123.4752977,10.53490872
12:24:55,53873.42191,3885.16614,1683.857799,124.2193231,129.3508769,21.06981745
12:26:05,52263.0339,3932.448521,1673.708852,118.3718028,117.5703406,31.60472617
12:27:15,54447.23386,4099.406126,1801.071937,123.7695139,146.9776147,10.53490872
12:28:25,51613.47901,3738.88904,1592.562336,108.4670031,108.7569717,21.06981745
12:29:35,54274.46859,4072.073306,1739.08564,122.4200861,161.6665628,10.53490872
12:30:45,55192.7637,4157.032451,1885.608945,124.6691324,120.5081302,21.06981745
12:31:55,53168.36125,3990.074847,1821.358566,122.4200861,138.1642458,31.60472617
12:33:05,53371.73376,4015.931015,1746.970505,123.3197046,126.4130873,0
12:34:15,55206.77365,4151.864171,1841.645195,106.6677661,141.1020354,63.20945234
12:35:25,51647.72096,3879.997859,1687.237026,114.3190215,88.19244437,21.06981745
12:36:35,52649.02843,3937.616802,1679.352162,98.56670146,105.8191821,42.13963489
12:37:45,51555.89404,3870.392241,1714.293375,121.0706584,105.8191821,31.60472617
12:38:55,52966.54424,3980.469229,1620.745093,108.4670031,91.13023399,21.06981745
12:40:05,51615.55821,3697.520647,1688.363436,94.51841819,105.8191821,31.60472617
12:41:15,53801.82699,3947.22242,1722.178239,109.3666216,91.13023399,21.06981745
12:42:25,50706.07765,3735.935737,1656.812715,96.3176552,117.5703406,42.13963489
12:43:35,53394.55827,3942.792465,1604.964101,107.5673846,111.6947613,0
12:44:45,55356.70404,4024.052599,1647.790177,123.7695139,70.53632876,42.13963489
12:45:55,54836.86309,3916.936297,1675.972935,107.5673846,88.19244437,0
12:47:05,55914.43202,3916.197971,1604.964101,112.9695937,158.7287731,73.74436106
12:48:15,57335.45747,4022.575947,1717.672602,113.419403,99.94360285,10.53490872
12:49:25,54515.19407,3781.003141,1627.503548,111.620166,111.6947613,0
12:50:35,58036.37011,4002.633768,1668.076807,97.66708296,79.37907552,10.53490872
12:51:45,54824.92715,3696.043996,1530.57604,99.46631997,102.8813925,0
12:52:55,52157.71035,3603.694209,1403.212955,93.16449234,117.5703406,0
12:54:05,54811.4357,3717.470209,1432.522122,92.71468309,85.25465475,21.06981745
12:55:15,55486.92612,3843.797747,1511.41582,87.76678131,91.13023399,73.74436106
12:56:25,54763.18897,3658.367232,1466.325661,91.81506459,97.00581323,31.60472617
12:57:35,54407.80169,3631.034412,1361.513288,79.21140933,79.37907552,0
12:58:45,53551.75808,3547.551919,1432.522122,84.1638092,88.19244437,52.67454362
12:59:55,55002.35895,3690.130006,1483.233062,92.26487384,120.5081302,21.06981745
13:01:05,56092.90082,3713.771197,1398.707318,95.86784595,114.6325509,21.06981745
13:02:15,52032.67848,3417.525369,1301.77981,85.96304621,73.47411838,31.60472617
13:03:25,51915.42935,3506.921852,1207.105119,76.51255382,79.37907552,31.60472617
13:04:35,54107.92536,3563.802469,1275.849871,88.21659057,85.25465475,21.06981745
13:05:45,49391.93127,3174.475911,1165.405452,71.56015395,47.03401181,21.06981745
13:06:55,52467.96193,3402.75147,1253.310423,79.21140933,70.53632876,0
13:08:05,52465.36941,3305.233404,1142.85474,66.16244292,52.90959105,0
13:09:15,54028.5477,3500.269537,1173.290316,68.41148919,61.7229599,0
13:10:25,50116.71061,3100.599036,1053.82336,63.45908932,47.03401181,10.53490872
13:11:35,51637.34571,3175.952563,1025.640603,56.25764319,73.47411838,31.60472617
13:12:45,49551.72359,3050.363351,996.3427001,49.96031366,32.34506371,0
13:13:55,52278.07568,3220.274258,1040.295186,51.30974141,47.03401181,0
13:15:05,52179.50304,3184.819855,965.9071244,50.85993216,35.28285333,10.53490872
13:16:15,51110.23017,3143.444079,991.8257993,40.05551392,26.46948447,0
13:17:25,55407.03515,3338.480213,973.7919886,46.35734154,14.6889481,0
13:18:35,50423.32748,3116.11126,859.9570782,40.50532317,29.40727409,10.53490872
13:19:45,55767.60747,3428.607638,924.2074571,36.00723065,17.62673772,0
13:20:55,53347.34856,3286.029551,856.5778507,36.00723065,20.56452734,0
13:22:05,56051.91314,3339.956864,900.5416005,32.40425854,32.34506371,10.53490872
13:23:15,54122.45382,3252.782742,836.2912216,34.20799364,38.22064295,0
13:24:25,56348.15477,3474.413369,829.5327666,26.55673826,26.46948447,10.53490872
13:25:35,57924.82451,3641.370973,890.3926539,32.40425854,14.6889481,10.53490872
13:26:45,59327.17866,3629.550378,915.1849196,25.65262166,8.813368858,0
13:27:55,60679.72021,3842.321096,884.760608,31.50464003,32.34506371,10.53490872
13:29:05,59634.31404,3841.58277,859.9570782,29.25559377,38.22064295,0
13:30:15,61980.89364,3961.257992,875.7380706,36.00723065,29.40727409,42.13963489
13:31:25,62518.38962,3905.115702,899.4151913,35.10761214,32.34506371,0
13:32:35,62444.7155,4071.33498,955.7581778,30.15521228,11.75115848,0
13:33:45,61805.01735,4031.443239,862.2211606,27.45635676,11.75115848,0
13:34:55,61731.8721,3959.043015,891.519063,22.95376615,32.34506371,31.60472617
13:36:05,62439.00678,4086.847205,910.679283,37.35665841,26.46948447,31.60472617
13:37:15,59685.67696,3796.515365,887.0134264,27.00654751,29.40727409,21.06981745
13:38:25,61368.6969,3908.80733,854.3250324,34.65780289,29.40727409,10.53490872
13:39:35,63538.8869,4078.725621,950.126132,31.05483078,14.6889481,10.53490872
13:40:45,61685.69421,3886.642791,888.1398355,28.35597527,20.56452734,21.06981745
13:41:55,61995.94579,3898.463386,862.2211606,31.05483078,17.62673772,10.53490872
13:43:05,61290.36144,3863.0016,866.7267973,25.20281241,29.40727409,21.06981745
13:44:15,61499.43748,3910.283982,856.5778507,29.25559377,20.56452734,0
13:45:25,63737.07956,4077.987295,923.0810479,29.25559377,20.56452734,21.06981745
13:46:35,64536.04634,4057.299408,890.3926539,29.70540302,23.50231696,10.53490872
13:47:45,67014.92723,4239.77662,970.4127611,34.65780289,17.62673772,0
13:48:55,62490.88821,3996.719779,894.8982905,27.00654751,23.50231696,0
13:50:05,63899.98809,4058.037733,918.5754112,27.00654751,26.46948447,10.53490872
13:51:15,67245.80115,4175.497979,1021.134966,32.85406779,38.22064295,21.06981745
13:52:25,63943.03941,3984.899183,941.1148586,25.65262166,20.56452734,10.53490872
13:53:35,68392.89617,4317.345124,1010.986019,32.85406779,26.46948447,10.53490872
13:54:45,67438.79841,4351.330259,974.9183977,40.05551392,29.40727409,0
13:55:55,65180.92952,4200.615821,1051.570542,30.60502153,32.34506371,42.13963489
13:57:05,70582.79966,4589.949762,1139.475513,37.35665841,44.09622219,0
13:58:15,67802.48693,4298.872213,1077.489216,41.85924902,38.22064295,10.53490872
13:59:25,65301.81336,4273.754371,1118.062475,36.4570399,23.50231696,10.53490872
14:00:35,69700.82051,4621.712536,1193.576945,38.70608616,49.97180143,10.53490872
14:01:45,68195.74569,4496.123324,1139.475513,54.00859693,55.84738066,0
14:02:55,67177.31725,4505.728942,1091.017391,34.20799364,52.90959105,0
14:04:05,66349.29355,4373.487415,1098.902255,44.10829528,47.03401181,21.06981745
14:05:15,67621.42043,4406.734224,1078.615626,45.00791379,32.34506371,21.06981745
14:06:25,70137.14096,4615.067604,1134.969876,43.20867678,49.97180143,21.06981745
14:07:35,73571.66993,4878.066624,1226.265339,46.35734154,70.53632876,21.06981745
14:08:45,72404.8666,4770.942939,1213.863574,42.75886753,49.97180143,10.53490872
14:09:55,73535.35915,4690.421131,1212.737165,46.8071508,41.15843257,21.06981745
14:11:05,73130.16444,4948.990196,1176.669544,38.70608616,49.97180143,31.60472617
14:12:15,75379.7321,5027.297027,1118.062475,49.05619706,47.03401181,10.53490872
14:13:25,74889.4562,4963.025769,1174.416725,44.10829528,35.28285333,0
14:14:35,72631.58731,4796.80649,1168.784679,45.45772304,44.09622219,10.53490872
14:15:45,71035.19889,4703.718378,1155.256505,37.35665841,35.28285333,31.60472617
14:16:55,69400.42568,4614.329278,1136.096285,35.5574214,61.7229599,0
14:18:05,73195.01882,4845.55814,1103.407891,39.60570467,38.22064295,42.13963489
14:19:15,75157.16459,5015.476431,1100.028664,40.50532317,23.50231696,10.53490872
14:20:25,75299.31743,4985.190308,1182.301589,39.15589542,38.22064295,10.53490872
14:21:35,76497.77538,5142.542295,1192.450536,34.20799364,44.09622219,10.53490872
14:22:45,73620.96403,4883.242287,1202.599483,39.60570467,26.46948447,21.06981745
14:23:55,74088.41022,4958.595814,1100.028664,30.60502153,35.28285333,10.53490872
14:25:05,73444.05073,4875.113321,1133.843467,42.30905827,38.22064295,10.53490872
14:26:15,73904.7512,4826.354287,1115.809656,32.85406779,47.03401181,21.06981745
14:27:25,77263.53721,5169.882498,1165.405452,42.30905827,29.40727409,21.06981745
14:28:35,76472.35317,5192.777979,1143.98115,39.15589542,26.46948447,21.06981745
14:29:45,75227.71733,5013.261454,1056.076178,40.95513242,41.15843257,10.53490872
14:30:55,76201.01525,5261.486575,1116.936065,40.50532317,44.09622219,31.60472617
14:32:05,77442.52971,5292.511023,1153.003687,24.75300316,47.03401181,0
14:33:15,76361.32089,5196.476992,1104.534301,27.45635676,35.28285333,10.53490872
14:34:25,77279.10787,5163.968508,1137.222695,45.90753229,38.22064295,21.06981745
14:35:35,77722.16886,5087.876655,1113.556838,36.4570399,11.75115848,10.53490872
14:36:45,84528.98047,5735.033952,1291.630863,44.10829528,41.15843257,21.06981745
14:37:55,77814.00096,5278.475451,1138.349104,40.05551392,41.15843257,10.53490872
14:39:05,79691.06035,5210.512564,1129.33783,36.90684915,38.22064295,31.60472617
14:40:15,82813.7926,5576.936256,1195.829763,36.00723065,26.46948447,21.06981745
14:41:25,80822.0714,5510.450022,1104.534301,31.50464003,23.50231696,21.06981745
14:42:35,80075.49937,5430.66654,1101.155073,34.20799364,29.40727409,0
14:43:45,83542.20146,5665.594414,1120.315293,34.20799364,20.56452734,21.06981745
14:44:55,77587.79875,5364.172922,1054.949769,31.95444929,26.46948447,0
14:46:05,85730.54425,5890.91667,1211.610756,36.4570399,29.40727409,21.06981745
14:47:15,85876.33699,5772.710715,1122.568111,35.5574214,32.34506371,31.60472617
14:48:25,83292.65623,5642.691549,1205.97871,31.05483078,20.56452734,21.06981745
14:49:35,86325.1067,5929.331759,1189.071308,38.70608616,47.03401181,0
14:50:45,87816.69006,5952.234624,1121.441702,38.70608616,32.34506371,10.53490872
14:51:55,84288.2498,5626.433616,1127.085012,33.75368629,26.46948447,10.53490872
14:53:05,83309.77203,5514.879976,1118.062475,34.20799364,38.22064295,21.06981745
14:54:15,83096.54277,5720.998379,1125.947339,33.30387704,41.15843257,10.53490872
14:55:25,82548.15303,5497.152775,1086.50049,34.20799364,23.50231696,21.06981745
14:56:35,80978.74752,5440.264775,1101.155073,36.90684915,23.50231696,21.06981745
14:57:45,83484.0928,5575.459605,1128.211421,35.5574214,41.15843257,31.60472617
14:58:55,85118.34751,5644.906526,1105.66071,29.70540302,32.34506371,0
15:00:05,82549.19004,5419.58427,1115.809656,42.30905827,5.875579239,10.53490872
15:01:15,85304.60424,5642.691549,1172.163907,40.05551392,20.56452734,10.53490872
15:02:25,84509.26179,5518.578988,1121.441702,38.70608616,14.6889481,31.60472617
15:03:35,79349.16452,5116.686126,1071.857171,35.5574214,11.75115848,21.06981745
15:04:45,79521.92461,5114.471149,1086.50049,37.80646766,5.875579239,10.53490872
15:05:55,76735.90835,4896.539534,1021.134966,30.60502153,8.813368858,21.06981745
15:07:05,77529.17159,5007.354848,1048.18005,23.85338465,26.46948447,0
15:08:15,82834.54309,5411.455304,1122.568111,30.60502153,26.46948447,10.53490872
15:09:25,81366.82125,5302.854967,1083.121262,33.75368629,20.56452734,0
15:10:35,80308.96581,5234.153755,1003.101155,36.90684915,20.56452734,0
15:11:45,80471.35583,5194.262014,1087.626899,34.20799364,17.62673772,0
15:12:55,82426.75588,5243.021048,1138.349104,28.80578452,23.50231696,0
15:14:05,77474.17914,4987.405286,1029.01983,34.65780289,14.6889481,10.53490872
15:15:15,76342.64959,4841.866512,1058.328997,30.60502153,20.56452734,10.53490872
15:16:25,80041.25742,5104.127205,1102.281482,37.80646766,11.75115848,21.06981745
15:17:35,79117.7721,4929.040634,1115.809656,36.4570399,17.62673772,10.53490872
15:18:45,85777.76434,5494.199472,1213.863574,40.95513242,35.28285333,10.53490872
15:19:55,82692.39025,5189.824676,1153.003687,39.15589542,29.40727409,21.06981745
15:21:05,83473.71756,5202.383598,1148.49805,36.00723065,38.22064295,21.06981745
15:22:15,80307.92881,4852.948781,1116.936065,33.30387704,23.50231696,42.13963489
15:23:25,80614.54568,4956.373454,1066.213861,36.90684915,44.09622219,0
15:24:35,86234.31679,5211.989216,1162.01496,35.5574214,26.46948447,0
15:25:45,75965.98812,4606.938637,1050.432868,31.95444929,29.40727409,10.53490872
15:26:55,79822.83794,4864.031051,1070.730761,27.90616601,11.75115848,10.53490872
15:28:05,77629.30493,4784.985895,1101.155073,43.65848603,20.56452734,10.53490872
15:29:15,82596.41013,5062.758813,1171.037498,38.70608616,11.75115848,10.53490872
15:30:25,77264.57422,4655.697671,1097.775846,36.90684915,17.62673772,31.60472617
15:31:35,73054.94,4266.371113,1051.570542,34.20799364,14.6889481,21.06981745
15:32:45,74017.3338,4420.031471,1107.924792,31.50464003,17.62673772,31.60472617
15:33:55,72782.04139,4445.887639,1106.787119,27.00654751,26.46948447,10.53490872
15:35:05,74115.90645,4480.6111,1149.624459,30.15521228,35.28285333,21.06981745
15:36:15,70559.45146,4257.503821,1087.626899,32.85406779,14.6889481,42.13963489
15:37:25,73767.78339,4412.648213,1172.163907,34.65780289,11.75115848,21.06981745
15:38:35,73998.65732,4638.708795,1193.576945,33.30387704,32.34506371,10.53490872
15:39:45,71817.04988,4386.784662,1235.276612,38.70608616,38.22064295,0
15:40:55,72714.59968,4553.011324,1212.737165,36.00723065,29.40727409,21.06981745
15:42:05,71466.85281,4448.102616,1233.023794,28.80578452,26.46948447,21.06981745
15:43:15,70328.06422,4363.88918,1234.150203,31.95444929,23.50231696,0
15:44:25,70379.94046,4335.810651,1214.989983,41.85924902,23.50231696,0
15:45:35,73313.31015,4574.437537,1234.150203,34.65780289,14.6889481,21.06981745
15:46:45,66294.29591,4077.987295,1200.3354,38.70608616,41.15843257,21.06981745
15:47:55,70323.91101,4390.483674,1212.737165,41.85924902,23.50231696,0
15:49:05,66320.24181,4041.787183,1143.98115,37.35665841,26.46948447,0
15:50:15,67445.54414,4170.329698,1141.728331,43.65848603,26.46948447,21.06981745
15:51:25,67494.30937,4207.268136,1138.349104,38.70608616,38.22064295,31.60472617
15:52:35,63723.58293,3885.904465,1071.857171,32.85406779,38.22064295,21.06981745
15:53:45,67505.72681,4174.759653,1147.371641,27.90616601,41.15843257,10.53490872
15:54:55,60623.16706,3616.991456,1032.410322,24.3031939,14.6889481,0
15:56:05,61272.71677,3806.859309,1035.789549,34.20799364,14.6889481,21.06981745
15:57:15,59041.31229,3796.515365,997.4691092,32.85406779,38.22064295,0
15:58:25,57002.37619,3512.090132,917.437738,32.40425854,29.40727409,21.06981745
15:59:35,55870.85182,3415.310391,961.4014877,28.35597527,14.6889481,10.53490872
16:00:45,54599.24344,3308.932416,996.3427001,27.90616601,14.6889481,0
16:01:55,53060.44518,3240.22382,961.4014877,29.70540302,23.50231696,0
16:03:05,50523.45564,3107.982293,892.6454722,27.45635676,20.56452734,21.06981745
16:04:15,46560.77412,2847.198251,803.6028276,14.40289226,23.50231696,10.53490872
16:05:25,44649.46759,2743.035252,734.8580762,24.3031939,23.50231696,21.06981745
16:06:35,47071.28201,2929.204093,790.0859176,17.55155703,29.40727409,10.53490872
16:07:45,42450.22586,2545.045816,767.5464702,20.25491063,35.28285333,0
16:08:55,40953.97078,2525.096254,712.3186287,23.85338465,17.62673772,10.53490872
16:10:05,43159.43974,2664.728422,757.3975236,27.00654751,32.34506371,0
16:11:15,44072.54981,2757.070825,853.1986232,27.00654751,14.6889481,0
16:12:25,39698.44637,2505.154075,750.6390686,23.85338465,14.6889481,0
16:13:35,42760.99076,2649.208815,716.8242654,21.15452914,26.46948447,10.53490872
16:14:45,39811.54748,2482.989536,740.490122,31.05483078,23.50231696,0
16:15:55,38551.87504,2501.462447,759.6503419,18.90548288,20.56452734,31.60472617
16:17:05,40119.20136,2593.80485,766.4087969,21.60433839,32.34506371,10.53490872
16:18:15,38233.84073,2378.088212,716.8242654,25.65262166,20.56452734,10.53490872
16:19:25,36705.42289,2261.358909,649.194659,25.65262166,29.40727409,10.53490872
16:20:35,38576.25506,2403.206054,678.5038256,24.3031939,38.22064295,21.06981745
16:21:45,41161.49651,2526.580289,778.8105618,27.90616601,14.6889481,10.53490872
16:22:55,40398.84569,2463.039974,671.7341065,24.75300316,35.28285333,0
16:24:05,42388.48769,2571.64031,733.731667,23.4035754,38.22064295,10.53490872
16:25:15,37797.52028,2389.908807,641.3097949,24.75300316,32.34506371,10.53490872
16:26:25,37035.38278,2329.329179,666.1020606,23.85338465,32.34506371,21.06981745
16:27:35,35449.37998,2173.446461,625.5288025,24.3031939,20.56452734,21.06981745
16:28:45,35970.2683,2262.097235,571.4273702,23.85338465,17.62673772,10.53490872
16:29:55,33761.16464,2194.134348,598.4837184,18.45117553,11.75115848,10.53490872
16:31:05,34928.49166,2290.914089,618.7703475,18.45117553,29.40727409,10.53490872
16:32:15,32737.54598,2129.863091,573.6801885,21.60433839,14.6889481,10.53490872
16:33:25,31569.18714,2075.190068,579.3234984,19.35529213,32.34506371,21.06981745
16:34:35,31220.54558,2101.046236,687.5150989,18.00136628,20.56452734,21.06981745
16:35:45,31893.43831,2205.216618,626.6552116,19.35529213,35.28285333,31.60472617
16:36:55,30534.67472,2070.760114,605.2421734,20.70471988,23.50231696,21.06981745
16:38:05,30582.92145,2050.810552,658.2171965,19.35529213,17.62673772,10.53490872
16:39:15,30069.29735,2146.851967,599.6101275,23.4035754,41.15843257,10.53490872
16:40:25,28247.74891,2023.477732,610.8742192,18.90548288,26.46948447,31.60472617
16:41:35,31668.79679,2296.820695,669.4812881,22.50395689,17.62673772,10.53490872
16:42:45,29767.35219,2109.913529,609.74781,27.45635676,14.6889481,10.53490872
16:43:55,30221.31212,2211.86155,616.5175291,22.95376615,20.56452734,21.06981745
16:45:05,29443.09066,2112.128506,586.0819534,22.05414764,32.34506371,10.53490872
16:46:15,31078.38756,2194.134348,657.0907873,22.50395689,35.28285333,0
16:47:25,28427.77841,2047.118923,583.8291351,22.95376615,11.75115848,10.53490872
16:48:35,31400.05139,2230.33446,679.6302347,28.35597527,14.6889481,21.06981745
16:49:45,29065.39736,2093.662979,600.7365367,21.60433839,35.28285333,10.53490872
16:50:55,30053.21338,2117.30417,637.9305674,19.80510138,23.50231696,10.53490872
16:52:05,29280.70064,2030.130047,588.3347718,24.3031939,26.46948447,0
16:53:15,29649.57937,2140.199651,589.4611809,24.75300316,35.28285333,10.53490872
16:54:25,29997.18392,2143.898664,645.8154315,21.60433839,32.34506371,10.53490872
16:55:35,31430.65864,2104.006923,659.3436056,18.00136628,17.62673772,21.06981745
16:56:45,29635.0561,2084.795686,623.2759841,22.05414764,20.56452734,21.06981745
16:57:55,29560.34497,2084.795686,643.5626132,19.35529213,20.56452734,10.53490872
16:59:05,30201.59863,2058.201192,586.0819534,26.55673826,26.46948447,10.53490872
17:00:15,34357.27741,2363.30693,720.2034929,22.05414764,29.40727409,0
17:01:25,33452.98707,2322.676863,698.7904546,32.40425854,23.50231696,10.53490872
17:02:35,30811.19767,2062.631147,645.8154315,22.95376615,20.56452734,10.53490872
17:03:45,35883.62642,2462.301648,747.248577,19.80510138,20.56452734,21.06981745
17:04:55,32936.25196,2251.014965,668.354879,21.60433839,29.40727409,21.06981745
17:06:05,35129.27165,2488.903525,825.0271299,24.3031939,29.40727409,31.60472617
17:07:15,34863.63727,2448.266075,774.3049252,23.85338465,32.34506371,31.60472617
17:08:25,35637.70553,2638.872254,814.8781833,39.60570467,17.62673772,10.53490872
17:09:35,36303.34439,2534.701872,801.3500093,26.55673826,26.46948447,21.06981745
17:10:45,37319.69364,2632.219939,871.232434,34.65780289,32.34506371,21.06981745
17:11:55,39530.35282,2749.687568,885.8870172,34.20799364,32.34506371,31.60472617
9:29:14,64624.76224,3309.670741,703.2960913,36.4570399,32.34506371,31.60472617
9:33:14,63064.17647,3204.762034,683.0094622,24.3031939,20.56452734,52.67454362
9:37:14,54593.53472,2855.327218,561.2896877,24.3031939,20.56452734,21.06981745
9:41:14,48402.55456,2609.317074,601.8629459,24.75300316,26.46948447,63.20945234
9:45:14,34615.12906,1781.904926,427.1681482,20.70471988,26.46948447,73.74436106
9:49:14,44428.4556,2474.860569,593.9668176,34.20799364,58.78517028,168.6638887
9:53:14,50598.68527,2689.846265,735.9844853,40.50532317,91.13023399,252.9431584
9:57:14,51018.40325,2689.107939,768.6728793,58.06137829,185.1982576,716.7951895
10:01:14,53322.96335,2763.72314,662.7228331,29.70540302,38.22064295,115.989345
10:05:14,48818.63783,2916.645172,1340.10025,72.46427055,61.7229599,42.13963489
10:09:14,36331.35912,1787.073206,462.0980965,19.35529213,14.6889481,10.53490872
10:13:14,38570.55153,2037.513305,462.0980965,18.45117553,11.75115848,73.74436106
10:17:14,42268.12235,2180.098776,520.7164295,19.80510138,23.50231696,63.20945234
10:21:14,36982.98803,2011.657136,455.3396415,20.70471988,29.40727409,31.60472617
10:25:14,38906.22013,2068.545136,451.960414,18.90548288,17.62673772,42.13963489
10:29:14,32859.99051,1697.684106,352.7800869,15.30251076,8.813368858,94.9195276
10:33:14,35466.49577,1835.83224,420.3984291,18.45117553,41.15843257,63.20945234
10:37:14,47378.41739,2502.200772,573.6801885,20.25491063,11.75115848,105.4544363
10:41:14,45586.96288,2344.103077,513.9467104,29.25559377,52.90959105,84.27926978
10:45:14,45318.21748,2245.846685,481.2583164,22.05414764,35.28285333,115.989345
10:49:14,39369.52349,1995.406586,458.718869,17.10174777,29.40727409,21.06981745
10:53:14,41621.16516,2137.984674,467.7414064,17.10174777,11.75115848,21.06981745
10:57:14,49234.72628,2635.173242,678.5038256,50.41012291,85.25465475,390.0023209
11:01:14,43020.39792,2341.149774,557.8991961,24.3031939,44.09622219,137.0591625
11:05:14,44984.6177,2562.034692,675.1245981,28.80578452,41.15843257,189.7337061
11:09:14,57726.64221,3635.464367,927.5866846,32.85406779,32.34506371,73.74436106
11:13:14,71901.61775,4785.724221,1441.533395,37.80646766,32.34506371,21.06981745
11:17:14,66167.19522,4717.015625,1400.960137,32.40425854,32.34506371,31.60472617
11:21:14,68348.27897,5187.609699,1684.984208,49.5105044,44.09622219,73.74436106
11:25:14,73980.49934,5706.224481,1970.134689,55.35802468,79.37907552,400.5372297
11:29:14,64580.66354,4989.620263,1508.036592,53.10897842,38.22064295,231.873341
11:33:14,61931.09141,4533.061762,1305.159037,43.20867678,85.25465475,210.8035235
11:37:14,64736.82634,4637.232143,1254.436832,39.60570467,52.90959105,147.5940712
11:41:14,54594.05323,3687.176703,1091.017391,43.20867678,91.13023399,484.9218485
11:45:14,51890.52564,3396.844864,876.8644798,31.50464003,44.09622219,115.989345
11:49:14,47571.41465,3045.926013,885.8870172,32.40425854,55.84738066,158.1289799
11:53:14,46045.58933,2760.762454,734.8580762,31.50464003,61.7229599,200.2686148
11:57:14,42577.85543,2501.462447,563.542506,22.50395689,38.22064295,179.1987974
12:01:14,44629.2356,2641.825557,627.7816208,27.90616601,29.40727409,158.1289799
12:05:14,39192.08651,2353.708695,561.2896877,17.55155703,32.34506371,147.5940712
12:09:14,41992.11272,2447.52775,527.4748845,24.75300316,26.46948447,73.74436106
12:13:14,41851.51539,2346.318054,543.2558769,16.65193852,32.34506371,21.06981745
12:17:14,42738.16625,2445.312772,512.8203013,27.45635676,76.4412859,115.989345
12:21:14,44696.16399,2489.641851,476.7526797,19.80510138,55.84738066,84.27926978
12:25:14,48140.03638,2680.240646,531.9805212,22.50395689,49.97180143,21.06981745
12:29:14,48264.54974,2840.553319,899.4151913,83.71399995,120.5081302,115.989345
12:33:14,46365.69766,2601.933816,559.0368694,23.85338465,35.28285333,94.9195276
12:37:14,51433.96801,2844.244948,517.3259379,19.35529213,14.6889481,42.13963489
12:41:14,50238.62627,2784.403645,544.3822861,24.3031939,35.28285333,31.60472617
12:45:14,52768.87527,3090.993417,852.072214,56.71195053,73.47411838,115.989345
12:49:14,51946.56029,2910.738566,607.4949917,21.15452914,32.34506371,42.13963489
12:53:14,56140.62904,3175.214237,608.6214009,27.90616601,23.50231696,105.4544363
12:57:14,55049.05016,3091.731743,651.4474774,16.65193852,38.22064295,42.13963489
13:01:14,59154.41339,3217.320955,573.6801885,16.65193852,23.50231696,21.06981745
13:05:14,50838.89225,2839.814993,571.4273702,17.55155703,14.6889481,0
13:09:14,52438.39169,2945.454643,498.165718,24.3031939,73.47411838,137.0591625
13:13:14,61587.63488,3504.699491,646.9418407,32.85406779,44.09622219,221.3384323
13:17:14,61756.25212,3491.402244,697.6640455,22.95376615,47.03401181,158.1289799
13:21:14,56532.8508,3209.199372,566.9217335,30.60502153,49.97180143,52.67454362
13:25:14,57149.72443,3198.855428,606.3685825,24.3031939,35.28285333,84.27926978
13:29:14,63606.85748,3636.941018,751.7654777,27.90616601,49.97180143,52.67454362
13:33:14,59189.68716,3418.263694,659.3436056,22.50395689,8.813368858,0
13:37:14,66632.04372,3778.780781,775.4313343,34.20799364,32.34506371,0
13:41:14,52445.65592,2908.516205,670.6076973,32.85406779,49.97180143,158.1289799
13:45:14,52725.81357,3040.757733,649.194659,31.50464003,44.09622219,115.989345
13:49:14,48898.53917,2768.891421,584.9555443,23.4035754,29.40727409,52.67454362
13:53:14,52972.24778,3130.146833,696.5376363,20.25491063,29.40727409,42.13963489
13:57:14,59262.32428,3970.125285,916.3113288,31.95444929,47.03401181,52.67454362
14:01:14,58175.41193,4327.689068,1107.924792,29.25559377,17.62673772,31.60472617
14:05:14,62098.66646,5616.097055,1406.592183,31.05483078,44.09622219,252.9431584
14:09:14,64209.19748,5873.920411,1664.697579,59.41080605,161.6665628,400.5372297
14:13:14,66649.16988,5585.065223,1347.985114,57.16175979,82.31686514,115.989345
14:17:14,68118.96055,4996.272578,1240.919922,44.55810454,82.31686514,221.3384323
14:21:14,71706.02797,5112.256172,1172.163907,42.75886753,70.53632876,263.4780672
14:25:14,69820.14366,4541.190728,995.2162909,49.05619706,105.8191821,252.9431584
14:29:14,68883.69057,4388.268697,1087.626899,50.41012291,117.5703406,337.3277773
14:33:14,65817.51665,3951.652374,887.0134264,28.80578452,49.97180143,52.67454362
14:37:14,64290.64396,4015.192689,898.277518,34.65780289,67.59853914,221.3384323
14:41:14,62246.5332,4032.181565,1014.376511,40.05551392,58.78517028,168.6638887
14:45:14,65880.28665,4250.11318,1077.489216,39.15589542,61.7229599,158.1289799
14:49:14,67211.03551,4580.344144,1195.829763,52.20935992,105.8191821,284.6532337
14:53:14,61002.93955,4090.546217,1003.101155,36.90684915,79.37907552,210.8035235
14:57:14,60082.04674,4324.728382,1119.188884,47.25696005,64.66074952,189.7337061
15:01:14,66173.93576,4884.718939,1387.431963,57.61156904,149.9154043,411.0721384
15:05:14,66185.34802,4562.616942,1212.737165,38.25627691,70.53632876,179.1987974
15:09:14,57666.45436,4018.145992,992.9522085,33.75368629,35.28285333,73.74436106
15:13:14,42049.70287,2791.794286,702.1696821,25.20281241,32.34506371,42.13963489
15:17:14,39163.03477,2782.188668,743.8693495,24.75300316,58.78517028,158.1289799
15:21:14,30629.09416,2273.179504,628.90803,28.35597527,38.22064295,115.989345
15:25:14,25654.20623,1928.174643,536.4861578,14.40289226,17.62673772,42.13963489
15:29:14,22883.75544,1880.899644,533.1069303,13.95308301,17.62673772,10.53490872
15:33:14,21553.5199,1903.0568,557.8991961,19.80510138,26.46948447,21.06981745
15:37:14,18754.01219,1747.181465,518.4523471,18.45117553,26.46948447,0
15:41:14,16825.58987,1637.842803,488.0280355,13.0534645,29.40727409,42.13963489
15:45:14,16281.35335,1763.432015,483.5223988,12.60365525,17.62673772,21.06981745
15:49:14,17121.83149,1790.764835,515.0731196,18.45117553,17.62673772,31.60472617
15:53:14,17346.47301,1814.406026,507.1882554,13.50327375,23.50231696,42.13963489
15:57:14,18063.9933,1820.320015,516.1995287,13.50327375,11.75115848,31.60472617
16:01:14,18798.62939,1855.036093,640.1833857,14.40289226,14.6889481,42.13963489
16:05:14,17741.29246,1930.397003,597.3573092,12.153846,38.22064295,63.20945234
16:09:14,18146.48198,1982.109339,652.5738865,10.79992015,14.6889481,31.60472617
16:13:14,19980.48487,2270.226201,714.5714471,18.90548288,26.46948447,84.27926978
16:17:14,17383.31266,2025.692709,657.0907873,18.90548288,11.75115848,42.13963489
16:21:14,19183.58691,2225.897123,731.4788487,18.90548288,26.46948447,42.13963489
16:25:14,16901.85132,1931.873655,669.4812881,16.65193852,32.34506371,115.989345
16:29:14,15669.15661,1821.058341,552.2671503,16.65193852,38.22064295,84.27926978
16:33:14,16914.30577,1821.796667,596.2196359,16.20212927,17.62673772,105.4544363
16:37:14,20452.60278,2248.799988,725.8355387,22.50395689,17.62673772,10.53490872
16:41:14,21120.31047,2159.410888,724.7091296,23.85338465,23.50231696,42.13963489
16:45:14,22450.54601,2280.570145,741.6165312,24.75300316,29.40727409,115.989345
16:49:14,21065.31802,2178.622124,641.3097949,21.60433839,35.28285333,31.60472617
16:53:14,25192.46875,2519.189648,863.3475698,30.15521228,26.46948447,10.53490872
16:57:14,20690.21724,2179.36045,659.3436056,18.45117553,26.46948447,21.06981745
17:01:14,21722.65565,2358.876976,744.9957587,25.65262166,23.50231696,21.06981745
17:05:14,21838.34927,2464.524009,770.9256977,23.4035754,14.6889481,31.60472617
17:09:14,21976.35408,2636.649894,775.4313343,23.4035754,35.28285333,31.60472617
17:13:14,27935.94701,3446.342223,1039.168777,27.00654751,20.56452734,52.67454362
17:17:14,23234.47101,2794.747589,777.6841527,16.65193852,8.813368858,10.53490872
17:21:14,20785.67887,2359.615301,654.837969,16.20212927,20.56452734,0
17:25:14,21780.24061,2383.994818,635.677749,18.45117553,17.62673772,10.53490872
17:29:14,20272.57328,2103.261214,546.6351044,13.95308301,14.6889481,10.53490872
17:33:14,21788.02335,2228.119483,636.8041582,16.20212927,20.56452734,52.67454362
17:37:14,21144.17717,2143.160338,584.9555443,15.30251076,26.46948447,10.53490872
17:41:14,24774.82479,2526.580289,641.3097949,14.85270151,14.6889481,21.06981745
17:45:14,22496.20022,2260.620583,601.8629459,19.80510138,35.28285333,21.06981745
17:49:14,24573.52629,2335.97411,670.6076973,23.85338465,55.84738066,495.4567572
17:53:14,23524.48541,2033.821676,513.9467104,23.85338465,38.22064295,73.74436106
17:57:14,30194.84772,2585.675883,669.4812881,27.45635676,29.40727409,94.9195276
18:01:14,30239.98861,2379.564863,630.0344391,22.50395689,55.84738066,63.20945234
18:05:14,30499.90908,2503.677424,642.436204,27.45635676,35.28285333,52.67454362
18:09:14,29809.89538,2454.180065,625.5288025,21.15452914,14.6889481,42.13963489
18:13:14,28218.17867,2527.318615,679.6302347,13.50327375,23.50231696,10.53490872
18:17:14,32661.80303,3190.726461,820.5102292,26.10243091,14.6889481,0
18:21:14,38023.20398,3616.991456,930.9659121,26.10243091,20.56452734,0
18:25:14,35601.38956,3357.691449,866.7267973,31.50464003,38.22064295,10.53490872
18:29:14,38743.8353,3574.146412,893.7718814,23.85338465,26.46948447,0
18:33:14,32855.8373,3215.105978,792.3387359,29.70540302,32.34506371,0
